,cdf,"Deadline Miss Rate with 0.03s TBT Deadline, 0.3s TTFT Deadline, 0.3s TTFT Slack, Using Predictions for TTFT: False "
0,0.0,0.023494198742368702
1,0.01,0.023494198742368702
2,0.02,0.023494198742368702
3,0.03,0.023494198742368702
4,0.04,0.18805871388699866
5,0.05,0.18805871388699866
6,0.06,0.18805871388699866
7,0.07,0.28223903600995
8,0.08,0.28223903600995
9,0.09,0.28223903600995
10,0.1,0.28223903600995
11,0.11,0.4160287991738597
12,0.12,0.4160287991738597
13,0.13,0.4160287991738597
14,0.14,0.6132389204161751
15,0.15,0.6132389204161751
16,0.16,0.6132389204161751
17,0.17,0.6132389204161751
18,0.18,0.6331799270180365
19,0.19,0.6331799270180365
20,0.2,0.6331799270180365
21,0.21,0.6872888492350837
22,0.22,0.6872888492350837
23,0.23,0.6872888492350837
24,0.24,0.6872888492350837
25,0.25,0.6872888492350837
26,0.26,0.6872888492350837
27,0.27,0.6872888492350837
28,0.28,0.6997720645753439
29,0.29,0.6997720645753439
30,0.3,0.6997720645753439
31,0.31,0.6997720645753439
32,0.32,0.7460216948245583
33,0.33,0.7460216948245583
34,0.34,0.7460216948245583
35,0.35000000000000003,0.7905703924151583
36,0.36,0.7905703924151583
37,0.37,0.7905703924151583
38,0.38,0.7921531159234969
39,0.39,0.7921531159234969
40,0.4,0.7921531159234969
41,0.41000000000000003,0.7921531159234969
42,0.42,0.811394773418487
43,0.43,0.811394773418487
44,0.44,0.811394773418487
45,0.45,0.8650218187900726
46,0.46,0.8650218187900726
47,0.47000000000000003,0.8650218187900726
48,0.48,0.8650218187900726
49,0.49,0.8667535942030656
50,0.5,0.8667535942030656
51,0.51,0.8667535942030656
52,0.52,0.87022755302356
53,0.53,0.87022755302356
54,0.54,0.87022755302356
55,0.55,0.87022755302356
56,0.56,0.8807331949458154
57,0.5700000000000001,0.8807331949458154
58,0.58,0.8807331949458154
59,0.59,0.8860334808390791
60,0.6,0.8860334808390791
61,0.61,0.8860334808390791
62,0.62,0.8860334808390791
63,0.63,0.8985251916799384
64,0.64,0.8985251916799384
65,0.65,0.8985251916799384
66,0.66,0.9277429992631044
67,0.67,0.9277429992631044
68,0.68,0.9277429992631044
69,0.6900000000000001,0.9370669745404243
70,0.7000000000000001,0.9370669745404243
71,0.71,0.9370669745404243
72,0.72,0.9370669745404243
73,0.73,0.9408227502341979
74,0.74,0.9408227502341979
75,0.75,0.9408227502341979
76,0.76,0.9502781792382339
77,0.77,0.9502781792382339
78,0.78,0.9502781792382339
79,0.79,0.9502781792382339
80,0.8,0.9540869055991824
81,0.81,0.9540869055991824
82,0.8200000000000001,0.9540869055991824
83,0.8300000000000001,0.9559969894942758
84,0.84,0.9559969894942758
85,0.85,0.9559969894942758
86,0.86,0.9559969894942758
87,0.87,0.9598286369154478
88,0.88,0.9598286369154478
89,0.89,0.9598286369154478
90,0.9,0.9753094162456712
91,0.91,0.9753094162456712
92,0.92,0.9753094162456712
93,0.93,0.9753094162456712
94,0.9400000000000001,0.9772619876495665
95,0.9500000000000001,0.9772619876495665
96,0.96,0.9772619876495665
97,0.97,0.9831431874917963
98,0.98,0.9831431874917963
99,0.99,0.9831431874917963
100,1.0,0.9831431874917963
